id,name,url
381651,TOP COVER - DENON - DNSC2001 - 1010000000000,/top-cover-denon-dnsc2001-1010000000000/
390506,"Magnetic Switch, Door (SET) - CDTWIN - 19070020009000",/magnetic-switch-door-set-cdtwin-19070020009000/
390507,Panel - ION - 10100574,/panel-ion-10100574/
390508,Internal Power Supply - ION - 13110005ae,/internal-power-supply-ion-13110005ae/
390509,Slide Pot Single B10K - Alesis - 15020006,/slide-pot-single-b10k-alesis-15020006/
390510,- MARANTZ - ZK282W0010,/-marantz-zk282w0010/
390511,- MARANTZ - 153T115010,/marantz-153t115010/
390512,- MARANTZ - 153T115020,/marantz-153t115020/
390513,Wire - ION - 16040573,/wire-ion-16040573/
390514,"IC, Op-Amp, NJM4580D, Dual, C9/9M/X4/X3/G8 - Alesis - 2-21-4580",/ic-op-amp-njm4580d-dual-c9-9m-x4-x3-g8-alesis-2-21-4580/
390515,"IC, 4Ch Push-Pull Driver, LM18293 - Alesis - 2-21-8293",/ic-4ch-push-pull-driver-lm18293-alesis-2-21-8293/
390516,Knob - ION - 20210039,/knob-ion-20210039/
390517,Rubber Mat - Alesis - 20300033,/rubber-mat-alesis-20300033/
390518,Manual - Alesis - 22010384,/manual-alesis-22010384/
390519,Ground Plate - MT1101838,/ground-plate-mt1101838/
390520,Thermer Tube - ION - 30010046,/thermer-tube-ion-30010046/
390793,MICROCHIP - DENON - 32370066629,/microchip-denon-32370066629/
390522,NA - MARANTZ - 37273589588,/na-marantz-37273589588/
390523,ATA Data Cable 230mm - Fusion 6HD/8HD - Alesis - 4/18/00,/ata-data-cable-230mm-fusion-6hd-8hd-alesis-4/18/00/
390524,ATA Data Cable 280mm - Fusion 8HD - Alesis - 4/18/2001,/ata-data-cable-280mm-fusion-8hd-alesis-4/18/2001/
390525,ATA Data Cable 370mm - Fusion 6HD - Alesis - 4/18/02,/ata-data-cable-370mm-fusion-6hd-alesis-4/18/02/
390526,"Cable, RCA, w/ Grounding Wire - 408-DJ1900H-02",/cable-rca-w-grounding-wire-408-dj1900h-02/
390527,- DENON - 4210875002,/denon-4210875002/
390528,- MARANTZ - 51100203A0,/marantz-51100203a0/
390529,- MARANTZ - 51100203S0,/marantz-51100203s0/
390530,- MARANTZ - 51100208A0,/marantz-51100208a0/
390531,- MARANTZ - 51100305A9,/marantz-51100305a9/
390532,- MARANTZ - 51100308A9,/marantz-51100308a9/
390533,- MARANTZ - HC10227210,/marantz-hc10227210/
390534,Screw - 602-2002-077-HA,/screw-602-2002-077-ha/
390535,Screw - 602-B600-072-HA,/screw-602-b600-072-ha/
390536,Screw - 602-MK7-131,/screw-602-mk7-131/
390537,Screw - 602-MP3-324-HA,/screw-602-mp3-324-ha/
390538,Screw - 602-QMX2BPM-322,/screw-602-qmx2bpm-322/
390539,Screw - 602-ST306-728B,/screw-602-st306-728b/
390540,Screw - 602-STR885-354,/screw-602-str885-354/
390541,"Screw, 3x8mm - M1A320USB - Alesis - 70010087",/screw-3x8mm-m1a320usb-alesis-70010087/
390542,Full tooth screw - Alesis - 70010130,/full-tooth-screw-alesis-70010130/
390543,Full tooth screw - Alesis - 70010133,/full-tooth-screw-alesis-70010133/
390544,"PCB, Touch Assembly - Denon DJ - 704-7K-B547ae",/pcb-touch-assembly-denon-dj-704-7k-b547ae/
390545,"Cable, Fader-Start - 408-CDN24A1-033",/cable-fader-start-408-cdn24a1-033/
382750,AC ADAPTOR - DENON - 907000000000,/ac-adaptor-denon-907000000000/
390547,LCD SCREEN - DENON - HC370 - 9420000000000,/lcd-screen-denon-hc370-9420000000000/
382753,AC ADAPTOR - DENON - 975000000000,/ac-adaptor-denon-975000000000/
390549,MAIN PCB ASS'Y - Alesis - A-PC-LXU4-M,/main-pcb-assy-alesis-a-pc-lxu4-m/
390550,KNOB - PT0610610,/knob-pt0610610/
390551,POWER TRANSFORMER - G4D2A0000181,/power-transformer-g4d2a0000181/
390552,(ea)A Pot mod wheel NS/long - AMS-23041,/ea-a-pot-mod-wheel-ns-long-ams-23041/
390553,(ea)Ribbon cable TO KEYBED - AMS-24144,/ea-ribbon-cable-to-keybed-ams-24144/
390554,NLA - AMS-69002,/nla-ams-69002/
390555,NLA - AMS-40193,/nla-ams-40193/
390556,NLA - AMS-40211,/nla-ams-40211/
390557,LOWER LID NL4 - AMS-40258,/lower-lid-nl4-ams-40258/
390558,LOWER LID NC2O - AMS-40342,/lower-lid-nc2o-ams-40342/
390559,NP88 KEYBED ASSY NO AFT - AMS-40418,/np88-keybed-assy-no-aft-ams-40418/
390560,WOOD PANEL LEFT - AMS-40575,/wood-panel-left-ams-40575/
390561,WOOD PANEL RIGHT - AMS-40576,/wood-panel-right-ams-40576/
390562,WOOD PANEL LEFT - AMS-40595,/wood-panel-left-ams-40595/
390563,WOOD PANEL RIGHT - AMS-40596,/wood-panel-right-ams-40596/
390564,KEYBED ASSY - AMS-49006,/keybed-assy-ams-49006/
390565,MANUAL - AMS-50186,/manual-ams-50186/
390566,MANUAL - AMS-50340,/manual-ams-50340/
390567,MANUAL - AMS-50373,/manual-ams-50373/
390568,MANUAL - AMS-50374,/manual-ams-50374/
390569,MANUAL - AMS-50385,/manual-ams-50385/
390570,MANUAL - AMS-50407,/manual-ams-50407/
390571,MANUAL - AMS-50415,/manual-ams-50415/
390572,MANUAL - AMS-50416,/manual-ams-50416/
390573,MANUAL - AMS-50417,/manual-ams-50417/
390574,MANUAL - AMS-50434,/manual-ams-50434/
390575,PANEL BOARD NL1 - AMS-60019,/panel-board-nl1-ams-60019/
390576,MAINBOARD NM - AMS-60036,/mainboard-nm-ams-60036/
390577,PANEL BOARD NMK - AMS-60037,/panel-board-nmk-ams-60037/
390578,PANEL BOARD NMR - AMS-60041,/panel-board-nmr-ams-60041/
390579,MAIN PCB ASSY NL2X - AMS-60067,/main-pcb-assy-nl2x-ams-60067/
390580,~(ea) Panelboard NE NE2 - AMS-60069,/ea-panelboard-ne-ne2-ams-60069/
390581,(ea) Mainboard NC1O - AMS-60110,/ea-mainboard-nc1o-ams-60110/
390582,PANEL BOARD NC1O - AMS-60112,/panel-board-nc1o-ams-60112/
390583,(ea) Panelboard NL2X - AMS-60169,/ea-panelboard-nl2x-ams-60169/
390584,(ea) Panelboard NMG2 - AMS-60172,/ea-panelboard-nmg2-ams-60172/
390585,(ea) Powerboard NMG2e - AMS-60175,/ea-powerboard-nmg2e-ams-60175/
390586,(ea) Panelboard NR2X - AMS-60177,/ea-panelboard-nr2x-ams-60177/
390587,(ea)Panel Board NE3 - AMS-60193,/ea-panel-board-ne3-ams-60193/
390588,MAIN BOARD NP88 - AMS-60205,/main-board-np88-ams-60205/
390589,MAIN BOARD NORD COMBO 2D - AMS-60206,/main-board-nord-combo-2d-ams-60206/
390590,PANEL PCB 1 (LEFT) NS2 SERIES - AMS-60218,/panel-pcb-1-left-ns2-series-ams-60218/
390591,PANEL PCB 2 (RIGHT) NS2 SERIES - AMS-60219,/panel-pcb-2-right-ns2-series-ams-60219/
390592,MAINBOARD NE3HP - AMS-60223,/mainboard-ne3hp-ams-60223/
390593,PANEL BOARD NE3HP - AMS-60225,/panel-board-ne3hp-ams-60225/
390594,PCB ASSY POWER IEC - AMS-60231,/pcb-assy-power-iec-ams-60231/
390595,PANELBOARD - AMS-60259,/panelboard-ams-60259/
390596,PANEL BOARD NMG2X - AMS-61026,/panel-board-nmg2x-ams-61026/
390597,(ea) Mainboard NW - AMS-61058,/ea-mainboard-nw-ams-61058/
390598,(ea) Panelboard NW - AMS-61061,/ea-panelboard-nw-ams-61061/
390599,PANEL BOARD NP88 - AMS-61078,/panel-board-np88-ams-61078/
390600,PANEL BOARD NC2O - AMS-61084,/panel-board-nc2o-ams-61084/
390601,NC2 MAIN PCB - AMS-61085,/nc2-main-pcb-ams-61085/
390602,POWER BOARD NORD JPN/BRA - AMS-61095,/power-board-nord-jpn-bra-ams-61095/
390603,Washer - BAW-0348,/washer-baw-0348/
390604,Washer - BAW-1061,/washer-baw-1061/
390605,Washer - BAW-1065,/washer-baw-1065/
390606,Pioneer Part - CMZ30P100FNI,/pioneer-part-cmz30p100fni/
390607,Cord - CORD,/cord-cord/
390608,CONTROL PCB ASS'Y - CR001114,/control-pcb-assy-cr001114/
390609,"Top Panel, Middle - DAH3010",/top-panel-middle-dah3010/
390610,Pioneer Part - DBK1319,/pioneer-part-dbk1319/
390611,Pioneer Part - DNF1767,/pioneer-part-dnf1767/
390612,Pioneer Part - DNH2958,/pioneer-part-dnh2958/
390613,Pioneer Part - DWS1399,/pioneer-part-dws1399/
390614,EVA - EVA1104415,/eva-eva1104415/
390615,EVA - EVA1104416,/eva-eva1104416/
390616,EVA - Alesis - EVA1304450,/eva-alesis-eva1304450/
390617,EVA - Alesis - EVA1304455,/eva-alesis-eva1304455/
390618,EVA - Alesis - EVA1304456,/eva-alesis-eva1304456/
390619,PUSH BUTTON - Alto - HI00163,/push-button-alto-hi00163/
390620,REAR PCB - Alto - HK04168,/rear-pcb-alto-hk04168/
390621,REAR PCB - Alto - HK01365,/rear-pcb-alto-hk01365/
390622,REAR PCB - Alto - HK02065,/rear-pcb-alto-hk02065/
390623,REAR PCB - Alto - HK02066,/rear-pcb-alto-hk02066/
390624,FRONT POWER PCB - Alto - HK04114,/front-power-pcb-alto-hk04114/
390625,Crossover - Alto - HK04574,/crossover-alto-hk04574/
390626,FRONT PCB - Alto - HK00402,/front-pcb-alto-hk00402/
390627,EQ PCB - Alto - HK05835,/eq-pcb-alto-hk05835/
390628,PC board - Alto - HK10235,/pc-board-alto-hk10235/
390629,PC board - Alto - HK12623,/pc-board-alto-hk12623/
390630,PC board-RS - Alto - HK12778,/pc-board-rs-alto-hk12778/
390631,PC board-RS - Alto - HK13297,/pc-board-rs-alto-hk13297/
390632,PC board-RS - Alto - HK13470,/pc-board-rs-alto-hk13470/
390633,- MARANTZ - HT109702A0,/marantz-ht109702a0/
390634,- MARANTZ - HT328782A0,/marantz-ht328782a0/
390635,- MARANTZ - HT333122A0,/marantz-ht333122a0/
390636,- MARANTZ - HT400160R,/marantz-ht400160r/
390637,- MARANTZ - HT412922A0,/marantz-ht412922a0/
390638,- MARANTZ - HX324122B0,/marantz-hx324122b0/
390639,- MARANTZ - HX413281R0,/marantz-hx413281r0/
390640,- MARANTZ - LU83683030,/marantz-lu83683030/
390641,Panel - Alto - MA10269,/panel-alto-ma10269/
390642,Chassis - Alto - MB06712,/chassis-alto-mb06712/
390643,Chassis - Alto - MB06752,/chassis-alto-mb06752/
390644,Rear Panel Printing - MT052040501,/rear-panel-printing-mt052040501/
390645,Panel-Printing(Painting) - MT073003202,/panel-printing-painting-mt073003202/
390646,FRONT PANEL PAINNTING & PRINTI - MT0630094101,/front-panel-painnting-printi-mt0630094101/
390647,BOTTOM CHASSIS - PT1130319,/bottom-chassis-pt1130319/
390648,SOLDER PLATE - MT1101825,/solder-plate-mt1101825/
390649,Ground Plate - MT1101844,/ground-plate-mt1101844/
390650,Ground Plate - MT1101846,/ground-plate-mt1101846/
390651,COPPER - MT1105529,/copper-mt1105529/
390652,COPPER AXIS - MT1105539,/copper-axis-mt1105539/
390653,COPPER - MT1105551,/copper-mt1105551/
390654,Panel Printing - MT1130010002,/panel-printing-mt1130010002/
390655,KNOB CAP - Alto - NI06159,/knob-cap-alto-ni06159/
390656,KNOB - Alto - NI06161,/knob-alto-ni06161/
390657,KNOB - Alto - NI06162,/knob-alto-ni06162/
390658,KNOB - Alto - NI06175,/knob-alto-ni06175/
390659,KNOB - Alto - NI06176,/knob-alto-ni06176/
390660,KNOB - Alto - NI06204,/knob-alto-ni06204/
390661,Velvet Carpet - NM1104441,/velvet-carpet-nm1104441/
390662,Velvet Carpet - NM1106125,/velvet-carpet-nm1106125/
390663,NAME PLATE - NP206YAH124,/name-plate-np206yah124/
390664,NAME PLATE - NP207MAR117,/name-plate-np207mar117/
390665,NAME PLATE - NP211MAR109,/name-plate-np211mar109/
390666,NAME PLATE - NP211MAR142,/name-plate-np211mar142/
390667,ROTATE PLATTER - NP311MAR119,/rotate-platter-np311mar119/
390668,Washer - PE04504525,/washer-pe04504525/
390669,Pioneer Part - PF03PP-C12,/pioneer-part-pf03pp-c12/
390670,Pioneer Part - PF04PP-Q17,/pioneer-part-pf04pp-q17/
390671,Pioneer Part - PF04PP2B05,/pioneer-part-pf04pp2b05/
390672,Pioneer Part - PF08PP-D12,/pioneer-part-pf08pp-d12/
390673,Pioneer Part - PF13PP-S07,/pioneer-part-pf13pp-s07/
390674,Pioneer Part - PPZ30P060FTB,/pioneer-part-ppz30p060ftb/
390675,Fixed Holder - PT0604495,/fixed-holder-pt0604495/
390676,Knob (Stop) - ION - PT0710620405,/knob-stop-ion-pt0710620405/
390677,Button Printing - PT1110621602,/button-printing-pt1110621602/
390678,Button Printing - PT0710624718,/button-printing-pt0710624718/
390679,Button Printing - PT0710625211,/button-printing-pt0710625211/
390680,Button Printing - PT0710625212,/button-printing-pt0710625212/
390681,Button Printing - PT0710625304,/button-printing-pt0710625304/
390682,Button Printing - PT0710625305,/button-printing-pt0710625305/
390683,LAMP - PT07106263,/lamp-pt07106263/
390684,Cabinet-Printing(painting) - PT073029701,/cabinet-printing-painting-pt073029701/
390685,Button Printing - PT1110625504,/button-printing-pt1110625504/
390686,Button(Circuler)Printing - PT1110628402,/button-circuler-printing-pt1110628402/
390687,LID - PT11106301,/lid-pt11106301/
390688,LAMP - PT11106305,/lamp-pt11106305/
390689,LID - PT11106306,/lid-pt11106306/
390690,VR - Alto - RC00203,/vr-alto-rc00203/
390691,VR - Alto - RC00205,/vr-alto-rc00205/
390692,VR - Alto - RC00206,/vr-alto-rc00206/
390693,VR - Alto - RC00207,/vr-alto-rc00207/
390694,VR - Alto - RC00211,/vr-alto-rc00211/
390695,VR - Alto - RC00218,/vr-alto-rc00218/
390696,potentiometer - Alto - RC00359,/potentiometer-alto-rc00359/
390697,potentiometer-RS - Alto - RC00669,/potentiometer-rs-alto-rc00669/
390698,potentiometer-RS - Alto - RC00670,/potentiometer-rs-alto-rc00670/
390699,potentiometer-RS - Alto - RC00700,/potentiometer-rs-alto-rc00700/
390700,potentiometer-RS - Alto - RC00701,/potentiometer-rs-alto-rc00701/
390701,potentiometer-RS - Alto - RC00703,/potentiometer-rs-alto-rc00703/
390702,potentiometer-RS - Alto - RC00727,/potentiometer-rs-alto-rc00727/
390703,potentiometer-RS - Alto - RC00764,/potentiometer-rs-alto-rc00764/
390704,potentiometer-RS - Alto - RC00781,/potentiometer-rs-alto-rc00781/
390705,RUBBER KNOB - RU0604411,/rubber-knob-ru0604411/
390706,RUBBER KNOB - RU1104414,/rubber-knob-ru1104414/
390707,transistor-RS-ACT - Alto - SB00040,/transistor-rs-act-alto-sb00040/
390708,Screw - Alesis - SC0204RBNI,/screw-alesis-sc0204rbni/
390709,SCREW - SC0306FINI,/screw-sc0306fini/
390710,Screw - ION - SC0308MBNI,/screw-ion-sc0308mbni/
390711,Screw - ION - SC0308W10BNI,/screw-ion-sc0308w10bni/
390712,SCREW - SC0510AIBI,/screw-sc0510aibi/
390713,SCREW - SC3506RIBI,/screw-sc3506ribi/
390714,integrated circuit - Alto - SD00032,/integrated-circuit-alto-sd00032/
390715,Spring - ION - SP2006405,/spring-ion-sp2006405/
390716,Spring - ION - SP2010903,/spring-ion-sp2010903/
390717,Spring - ION - SP2010905,/spring-ion-sp2010905/
390718,Transistor - Alto\ - TC00430,/transistor-alto-tc00430/
390719,Transistor - Alto - TC00478,/transistor-alto-tc00478/
390720,- MARANTZ - TS15725130,/marantz-ts15725130/
390721,CONNECTOR WIRE ASS'Y - TWCN0100001605,/connector-wire-assy-twcn0100001605/
390722,Main PCB Assembly - Alesis - TWPC10A01001,/main-pcb-assembly-alesis-twpc10a01001/
390723,Isolation cable 6pin single ro - WR0620001001,/isolation-cable-6pin-single-ro-wr0620001001/
390724,Isolation cable 6pin single ro - WR0620003001,/isolation-cable-6pin-single-ro-wr0620003001/
390725,Washer - WS101612205B,/washer-ws101612205b/
390726,Washer - WS110006235P,/washer-ws110006235p/
390727,Washer - WS1110100025,/washer-ws1110100025/
390728,"8"" Belt - ION - BELTB-JYK002ae",/8-belt-ion-beltb-jyk00ae-beltb-jyk002ae/
390729,AC ASS'Y - TWJKRF-180-K02,/ac-assy-twjkrf-180-k02/
390730,Alesis DM7 USB Kit - 5 Piece Electronic Drum Set DM7-USB - DM7-USB,/alesis-dm7-usb-kit-dm7-usb/
390731,BLK PLASTIC COVER - DENON - 1462356100,/blk-plastic-cover-denon-1462356100/
390732,Bottom Chassis Painting & Prin - PT113035801,/bottom-chassis-painting-prin-pt113035801/
390733,BOTTOM COVER ASSY - PT113032401,/bottom-cover-assy-pt113032401/
390734,BUTTON PAINTING - PT0710623201,/button-painting-pt0710623201/
390735,Button(SCRATCH)Printing - PT0710624711,/button-scratch-printing-pt0710624711/
390736,Button(TAP)Printing - PT1110619641,/button-tap-printing-pt1110619641/
390737,CABINET PRINTING - MT112022201,/cabinet-printing-mt112022201/
390738,CDCB Assy - Pioneer DJM900 Nexus - DWX3733,/cdcb-assy-pioneer-djm900-nexus-dwx3733/
390739,Connector Assy - DKP3844,/connector-assy-dkp3844/
390740,CONTROL IC ASS'Y - 941243101290P,/control-ic-assy-941243101290p/
390741,CONTROL PCB ASS'Y - 704-22SM-8972,/control-pcb-assy-704-22sm-8972/
390742,COPPER - MT0705517,/copper-mt0705517/
390743,COPPER AXIS - MT0705508,/copper-axis-mt0705508/
390744,CPU PCB ASS'Y - AL9-79-0509,/cpu-pcb-assy-al9-79-0509/
390745,Cross Fader Slider - DNH2954,/cross-fader-slider-dnh2954/
390746,Crossfader - RS-45T,/crossfader-rs-45t/
390747,"Crossfader, DXM01/03/06 - USED - TWPC02C04402",/crossfader-dxm01-03-06-twpc02c04402/
390748,Crossover - Alto - HK05469,/crossover-alto-hk05469/
390749,Display Plate - NP211MAR228,/display-plate-np211mar228/
390750,EARTH TERMINAL - DKE1014,/earth-terminal-dke1014/
390751,EARTHED METAL - MT0701835,/earthed-metal-mt0701835/
390752,EQ PCB - Alto - HK05837,/eq-pcb-alto-hk05837/
390753,EVA - EVA0604404,/eva-eva0604404/
390754,FFC 16Pin Pitch:1.25mm Length - FFC1612502001,/ffc-16pin-pitch-1-25mm-length-ffc1612502001/
390755,FFC Ribbon Cable - Pioneer - DDD1844,/ribbon-cable-pioneer-ddd1844/
390756,Fixed Holder - MT060447502,/fixed-holder-mt060447502/
390757,Flat Cable 8Pin Pitch 2.0mm Si - CN0820003502,/flat-cable-8pin-pitch-2-0mm-si-cn0820003502/
390758,Flat Cable Power Wire 4Pin Sin - CN0439601004,/flat-cable-power-wire-4pin-sin-cn0439601004/
390759,Front Panel - 300-S1-2043-HA,/front-panel-300-s1-2043-ha/
390760,front panel - ION - 10160191,/front-panel-ion-10160191/
390761,FRONT PANEL PAINTING - MT112044401,/front-panel-painting-mt112044401/
390762,Front Plate - DNH2857,/front-plate-dnh2857/
390763,Full Tooth Screw - ION - 70010006,/full-tooth-screw-ion-70010006/
390764,FUNCTION PCB ASS'Y - TWPC09C02301,/function-pcb-assy-twpc09c02301/
390765,FUSES - DENON - 2061046014,/fuses-denon-2061046014/
390766,Grill - ION - 10410121,/grill-ion-10410121/
390767,Ground Plate - MT0701838,/ground-plate-mt0701838/
390768,Handle - Alto - NI04008,/handle-alto-ni04008/
390769,HEAT METAL - PT2030303,/heat-metal-pt2030303/
390770,HOLDER SCREW - MT11044104,/holder-screw-mt11044104/
390771,IC - DENON - 2631091907,/ic-denon-2631091907/
390772,"IC, EPROM, IC603 - CDX1 - ICYHFRC37",/ic-eprom-ic603-cdx1-icyhfrc37/
390773,INNER BOX - CGNKC2513MAR01,/inner-box-cgnkc2513mar01/
390774,Internal Power Supply - ION - 13110001,/internal-power-supply-ion-13110001/
390775,IO Assy - 704-COMBO-A638,/io-assy-704-combo-a638/
390776,Isolation Cable 3Pin Single Ro - WR112645062G1,/isolation-cable-3pin-single-ro-wr112645062g1/
390777,Isolation Cable USB2.0 5Pin Si - WRUSB05200010B1,/isolation-cable-usb2-0-5pin-si-wrusb05200010b1/
390778,"Jack, PPD9000 - EP350101",/jack-ppd9000-ep350101/
390779,Knob - Alesis - 208020017,/knob-alesis-208020017/
390780,Knob - ION - KN1-ISP45,/knob-ion-kn1-isp45/
390781,KNOB PRINTING - PT0710625301,/knob-printing-pt0710625301/
390782,"Knob, Fader - DAC2684",/knob-fader-dac2684/
390783,"Knob, Rotary, Jog Wheel (Inner) - 100-HDJ7000-122",/knob-rotary-jog-wheel-inner-100-hdj7000-122/
390784,LAMP - PT11106218,/lamp-pt11106218/
390785,LCD Display - CWX4352,/lcd-display-cwx4352/
390786,LID - PT11106307,/lid-pt11106307/
390787,LOADER PANEL - DENON - 1462210262,/loader-panel-denon-1462210262/
390788,MAIN Assy - 704-PLX500-B516,/main-assy-704-plx500-b516/
390790,Main PCB Assembly - Alesis - TWPC10A010A01,/main-pcb-assembly-alesis-twpc10a010a01/
390791,METAL PLATE - MT0705533,/metal-plate-mt0705533/
390792,Mic Jack - Alto - HC00126,/mic-jack-alto-hc00126/
390793,MICROCHIP - 32370066629,/microchip-32370066629/
390794,NAME PLATE - NP206MAR97,/name-plate-np206mar97/
390795,OPERATION MANUAL - OPNK14MAR04,/operation-manual-opnk14mar04/
390796,OUTER WHEEL PAINTING - PT0710626601,/outer-wheel-painting-pt0710626601/
390797,PC board-RS - Alto - HK06256,/pc-board-rs-alto-hk06256/
390798,"PCB, INPUT/OUTPUT, PRO SM - A-PC-SM3-IO",/pcb-input-output-pro-sm-a-pc-sm3-io/
390799,Pioneer Part - BBZ20P040FMC,/pioneer-part-bbz20p040fmc/
390800,Pitch Wheel - Alesis - 101240067001-A,/pitch-wheel-alesis-101240067001-a/
390801,PLATE - RMX0293,/plate-rmx0293/
390802,Plate - ION - 30150064,/plate-ion-30150064/
390803,PLAY/CUE BUTTONS - DENON - 1190119208,/play-cue-buttons-denon-1190119208/
390804,POLYFOAM - BC1015025000,/polyfoam-bc1015025000/
390805,POLYFOAM(LEFT) - PLACD102,/polyfoam-left-placd102/
390806,POLYFOAM(RIGHT) - PLACD101,/polyfoam-right-placd101/
390807,potentiometer-RS - Alto - RC00626,/potentiometer-rs-alto-rc00626/
390808,Power Switch - TWJK7SC9202,/power-switch-twjk7sc9202/
390809,Power switch - Alto - 180-P3024DB-E,/power-switch-alto-180-p3024db-e/
390810,POWER SWITCH ASS'Y - TWCD6030,/power-switch-assy-twcd6030/
390811,PU FOAM - PUCDMP3400,/pu-foam-pucdmp3400/
390812,PUSH BUTTON - Alto - HI00162,/push-button-alto-hi00162/
390813,RCA Audio Cable - 704-PLX500-B527,/rca-audio-cable-704-plx500-b527/
390814,REAR COVER PRINTING - MT112043502,/rear-cover-printing-mt112043502/
390815,Rear Panel - DNC2020,/rear-panel-dnc2020/
390816,Rear Panel - Alto - NI04010,/rear-panel-alto-ni04010/
390817,Rear Panel Printing - MT062043003,/rear-panel-printing-mt062043003/
390818,RUBBER - RU0604401,/rubber-ru0604401/
390819,RUBBER FOOT - RU0730605,/rubber-foot-ru0730605/
390820,Rubber Foot - ION - 212010050,/rubber-foot-ion-212010050/
390821,RUBBER KNOB - RU1110639,/rubber-knob-ru1110639/
390822,RUBBER PAD - RU0730607,/rubber-pad-ru0730607/
390823,SAFETY LABEL - LAC63MAR319,/safety-label-lac63mar319/
390824,SCREW - SC0202RINI,/screw-sc0202rini/
390825,Screw - For White Wego Unit - 602-PROS2-363,/screw-for-white-wego-unit-602-pros2-363/
390826,Screw - ION - SC2608RBNI,/screw-ion-sc2608rbni/
390827,Screw Nut - ION - 70070017,/screw-nut-ion-70070017/
390828,Slide Pot Dual B10K - Alesis - 15020005,/slide-pot-dual-b10k-alesis-15020005/
390829,Stay/CRF - DNF1936,/stay-crf-dnf1936/
390830,Stay/LCD - DND1277,/stay-lcd-dnd1277/
390831,Stay/USB - DNH3043,/stay-usb-dnh3043/
390832,SW CUSHION HH48/2 - Dec2538,/sw-cushion-hh482-dec2538/
390833,SWITCH - DENON - 2121031008,/switch-denon-2121031008/
390834,"Switch, Push, Tact, 2-P - 403-DCM270X-101",/switch-push-tact-2-p-403-dcm270x-101/
390835,Thermer Tube - ION - 30010053-I,/thermer-tube-ion-30010053-i/
390836,"Tonearm Assembly, TT-100 - 704-DD2220-2033",/tonearm-assembly-tt-100-704-dd2220-2033/
390837,Top Cover - Alesis - 20020041,/top-cover-alesis-20020041/
390838,Top Cover - ION - 20020153-I,/top-cover-ion-20020153-i/
390839,Top Panel - 300-SN-2079,/top-panel-300-sn-2079/
390840,"Top Panel, Left - DAH3046",/top-panel-left-dah3046/
390841,"Top Panel, Middle - DAH3045",/top-panel-middle-dah3045/
390842,"Top Panel, Right - DAH3047",/top-panel-right-dah3047/
390843,Transformer - Alesis - 13030186,/transformer-alesis-13030186/
390844,TRANSFORMER - Alto - TD00118,/transformer-alto-td00118/
390845,transistor-RS - Alto - SB00057,/transistor-rs-alto-sb00057/
390846,TRAY PANEL PRINTING - PT060292003,/tray-panel-printing-pt060292003/
390847,USB Cable - CA040215001,/usb-cable-ca040215001/
390848,PLAY/CUE BUTTONS - 20601611526,/play-cue-buttons-20601611526/
390849,"PCB, Audio Output - CDTWIN - 5106101026002",/pcb-audio-output-cdtwin-5106101026002/
382283,IC LA6532 - DENON - 32860418924,/ic-la6532-denon-32860418924/
382259,MECH - DENON - DNV - 29427952853,/mech-denon-dnv-29427952853/
382282,MICROCHIP - DENON - 35802532700,/microchip-denon-35802532700/
390853,"PCB, Master Controller w/LCD Display - CDTWIN - 5106100026005",/pcb-master-controller-w-lcd-display-cdtwin-5106100026005/
390854,TRANSISTOR - 34821828108,/transistor-34821828108/
390855,IC - 35312180404,/ic-35312180404/
381917,SWITCH - DENON - 36292884996,/switch-denon-36292884996/
390857,FUSES - 23053373006,/fuses-23053373006/
390858,Korg M3 LCD Display Touch Screen Panel - 500415004705,/korg-m3-lcd-display-touch-screen-panel-500415004705/
390859,NA - MARANTZ - 38744646475,/na-marantz-38744646475/
390860,KORG MicroX Encoder Jog Wheel - USED - 510646502091,/korg-microx-encoder-jog-wheel-used-510646502091/
390861,AC ADAPTOR - DENON - 907483000015,/ac-adaptor-denon-907483000015/
390862,"Korg Button, Oval shaped, for MicroX - USED - 510646504165",/korg-button-oval-shaped-510646504165/
390863,BLK PLASTIC COVER - 22563020710,/blk-plastic-cover-22563020710/
390864,LOADER PANEL - 21582316118,/loader-panel-21582316118/
390865,KORG MicroX Volume Knob - USED - 510646502092,/korg-microx-volume-knob-used-510646502092/
390866,JOYSTICK ASSY - Korg Micro X - 510649500501,/joystick-assy-korg-micro-x-510649500501/
390868,MAIN PCB ASS'Y - TWPC08C00101,/main-pcb-assy-twpc08c00101/
390869,Wheel Frame Printing - PT070445901,/wheel-frame-printing-pt070445901/
390870,Washer - FW104210IZ,/washer-fw104210iz/
390871,Wheel Plate - NP307MAR138,/wheel-plate-np307mar138/
390872,USER MANUAL - OPD3RMAR01,/user-manual-opd3rmar01/
390874,Velvet Carpet - NM0604402,/velvet-carpet-nm0604402/
390875,Voice Coil - Alto - HG00468,/voice-coil-alto-hg00468/
390876,Wing Nut - ION - 212010019-I,/wing-nut-ion-212010019-i/
390878,Woofer - Alto - HK03075,/woofer-alto-hk03075/
388562,SWITCH - RELOOP DJ - MICRO - ams-222693,/switch-reloop-dj-micro-ams-222693/
388160,PANEL PCB - Korg Micro X - KLM-2683,/panel-pcb-korg-micro-x-klm-2683/
387026,"QSC Part - SRV - SCREW, PHILLIPS,PANHEAD, M4X1.4, 15L BLK - SM-000001-15",/qsc-part-srv-screw-phillips-panhead-m4x1-4-15l-blk-sm-000001-15/
384056,JACK - MARANTZ - PMD670 - YJ07060510,/jack-marantz-pmd670-yj07060510/
384036,JACK - MARANTZ - PMD670 - YJ07014250,/jack-marantz-pmd670-yj07014250/
383835,IC - MARANTZ - HY10360000,/ic-marantz-hy10360000/
383818,N/A - MARANTZ - HW100620R,/n-a-marantz-hw100620r/
383810,MICROCHIP - MARANTZ - HU100590R,/microchip-marantz-hu100590r/
383540,CHIP CAPACITOR DD82U/VP8000 - MARANTZ - DD82U/VP8000 - DK96102300,/chip-capacitor-dd82u-vp8000-marantz-dd82u-vp8000-dk96102300/
383518,TRANSISTOR - MARANTZ - BA21102000,/transistor-marantz-ba21102000/
383519,TRANSISTOR - MARANTZ - BA21104000,/transistor-marantz-ba21104000/
383498,N/A - MARANTZ - BA12102000,/n-a-marantz-ba12102000/
383489,TRANSISTOR DTA114ES - MARANTZ - BA10007210,/transistor-dta114es-marantz-ba10007210/
383295,DIODE FOR SD/USB RECORDER - DENON - DN500R - 963263100920S,/diode-for-sd-usb-recorder-denon-dn500r-963263100920s/
383204,CAPACITOR FOR SD/USB RECORDER - DENON - DN500R - 963134502800S,/capacitor-for-sd-usb-recorder-denon-dn500r-963134502800s/
383205,CAPACITOR FOR SD/USB RECORDER - DENON - DN500R - 963139500100P,/capacitor-for-sd-usb-recorder-denon-dn500r-963139500100p/
383139,TRANSISTOR - DENON - 9600175608,/transistor-denon-9600175608/
383137,TRANSISTOR - DENON - 9600175404,/transistor-denon-9600175404/
383128,DECORATION DNX900 - DENON - DNX900 - 9587069507,/decoration-dnx900-denon-dnx900-9587069507/
382974,94321250020S - 94321250020S,/94321250020S-94321250020s/
382923,FOOT - DENON - DNA7100 - 9430179803,/foot-denon-dna7100-9430179803/
382753,AC ADAPTOR - 975000000000,/ac-adaptor-975000000000/
382612,470S156500 - 470S156500,/470S156500-470s156500/
382313,CONTACTOR - MARANTZ - PMD670/671 CDR310 - 378V123020,/contactor-marantz-pmd670-671-cdr310-378v123020/
382235,KNOB - MARANTZ - 284T154350,/knob-marantz-284t154350/
382188,TRANSISTOR - DENON - 2680078900,/transistor-denon-2680078900/
380808,DIODE FOR DJ MULTI- CONTROLLER - DENON - DNMC6000 - 941263004480P,/diode-for-dj-multi-controller-denon-dnmc6000-941263004480p/
380809,DIODE FOR DJ MULTI- CONTROLLER - DENON - DNMC6000 - 941263004490P,/diode-for-dj-multi-controller-denon-dnmc6000-941263004490p/
380743,TRANSISTOR FOR DJ MULTI- CONTROLLER - 941214004530P,/transistor-for-dj-multi-controller-941214004530p/
380700,VOLUME FOR DJ MIXER - 674010003001S,/volume-for-dj-mixer-674010003001s/
380577,BUTTON DNX1700 - 411510074108P,/button-dnx1700-411510074108p/
380564,BUTTON FOR MEDIA PLAYER CONTROLLER - 411510050102P,/button-for-media-player-controller-411510050102p/
380434,CD-ROM PWB UNIT - 00DGU-3414A,/cd-rom-pwb-unit-00dgu-3414a/
379895,Knob - Numark - TWPT1110655401,/knob-numark-twpt1110655401/
379878,CROSS FADER PCB Assembly - TWPC12C029D01-USE ALT P/N,/cross-fader-pcb-assembly-twpc12c029d01-use alt p/n/
379839,KNOB - PT07106266,/knob-pt07106266/
#N/A,Internal Power Supply - ION - 13110005?,/internal-power-supply-ion-13110005?/
379632,Front Panel - NC10-FP,/front-panel-nc10-fp/
379624,Front Panel - MT112048902,/front-panel-mt112048902/
379610,FFC 16Pin Pitch 1.0mm Length - FFC1610002502,/ffc-16pin-pitch-1-0mm-length-ffc1610002502/
379595,TRANSPORT ASS'Y WITH LASER - CR001419,/transport-assy-with-laser-cr001419/
379341,Screw - SC0310BIBI,/screw-sc0310bibi/
378978,BAR CODE LABEL-ROHS - SURGE - LAC22ALE72,/bar-code-label-rohs-surge-lac22ale72/
378979,BAR CODE LABEL-ROHS - SURGE - LAC22ALE73,/bar-code-label-rohs-surge-lac22ale73/
378816,E PRACTICE PAD - DD6X220,/e-practice-pad-dd6x220/
378810,CARTON - CTNKC2513MAR01,/carton-ctnkc2513mar01/
378802,SHIPPING BOX - SURGE - CTLDP6513ALE01,/shipping-box-surge-ctldp6513ale01/
378803,SHIPPING BOX - SURGE - CTLDP7513ALE01,/shipping-box-surge-ctldp7513ale01/
378595,POWER KNOB - BAPS-W010,/power-knob-baps-w010/
378578,LAMP ASSEMBLY - SUMO - AR-BLP82X13-B,/lamp-assembly-sumo-ar-blp82x13-b/
378565,MAIN PCB ASS'Y - AL9-79-0495,/main-pcb-assy-al9-79-0495/
378566,DOCK PCB ASS'Y - AL9-79-0497,/dock-pcb-assy-al9-79-0497/
378563,IPOD PCB ASS'Y - AL9-79-0459,/ipod-pcb-assy-al9-79-0459/
378561,MAIN PCB ASS'Y - AL9-79-045401,/main-pcb-assy-al9-79-045401/
378555,MAIN PCB ASSY - AL9-79-0431,/main-pcb-assy-al9-79-0431/
#N/A,TOP PANEL - 09-01-1995,/top-panel-09-01-1995/
378038,TRANSFORMER - 7-40-2007-B,/transformer-7-40-2007-b/
#N/A,CABLE DIL RIBBON 2MM 24-PIN Z - 4-18-1931,/cable-dil-ribbon-2mm-24-pin-z-4-18-1931/
377796,SHRINK TUBE - M1A320USB - 30010026-A,/shrink-tube-m1a320usb-30010026-a/
377695,BRACKET - 20290015-A,/bracket-20290015-a/
377682,Knob - Alesis - 20210086,/knob-alesis-20210086/
377423,"Clamp, T - Alesis - 102370003-A",/clamp-t-alesis-102370003-a/
377078,CROSSFADER PCB ASSâ€™Y - TWPC07P005B01,/crossfader-pcb-assy-twpc07p005b01/
376840,Button - PT1110631602,/button-pt1110631602/
376714,PE BAG - PE230190402B07,/pe-bag-pe230190402b07/
376548,FIXED PLATE - MT0604479,/fixed-plate-mt0604479/
376524,ADJUSTMENT - MARKETING,/adjustment-marketing/
376196,WASHER - BAW-1056,/washer-baw-1056/
375581,PANEL - NP220ION08,/panel-np220ion08/
375575,CUSHION - NM3210704,/cushion-nm3210704/
375025,LED - SELS5223C,/led-sels5223c/
374339,Pioneer Part - WNK2907,/pioneer-part-wnk2907/
374227,HOLDER - RNH1005,/holder-rnh1005/
374223,Foot (Rubber) - REC-434,/foot-rubber-rec-434/
374220,Screw - PPZ30P080FTB,/screw-ppz30p080ftb/
374176,Connector Assy - DKP3901,/connector-assy-dkp3901/
372542,CRF Stay - DNF1855,/crf-stay-dnf1855/
372266,Flex Cable (30 pin) PAD-MAIN - DDD1776,/flex-cable-30-pin-pad-main-ddd1776/
371831,JOG PLATE - DAH2052,/jog-plate-dah2052/
371738,Button - DAC3276,/button-dac3276/
371446,BUTTON L OPAL - DAC2750,/button-l-opal-dac2750/
371424,LOOP BUTTON - DAC2671,/loop-button-dac2671/
371196,TACT KNOB - DAC1950,/tact-knob-dac1950/
370334,Kurzweil Part - DPOLISHKIT,/kurzweil-part-dpolishkit/
370123,"Kurzweil Part - Clip, Retaining, 34 Pin Ribbon Cable - D83040121",/kurzweil-part-clip-retaining-34-pin-ribbon-cable-d83040121/
370070,Kurzweil Part - PAL PRG ADR DECOD 2A SLCTBL - D81006203,/kurzweil-part-pal-prg-adr-decod-2a-slctbl-d81006203/
369829,"Kurzweil Part - IC, Digital 74LS02 - D61012801",/kurzweil-part-ic-digital-74ls02-d61012801/
368387,Kurzweil Part - KEYSLIP MK1/MK3/MK8 SBW - D31803420SC,/kurzweil-part-keyslip-mk1-mk3-mk8-sbw-d31803420sc/
368237,Kurzweil Part - Music Desk WP MK150/MK152 - D31800030WS,/kurzweil-part-music-desk-wp-mk150-mk152-d31800030ws/
368221,"Kurzweil Part - Glide Block, Right, WHP MK150/MK152 - D31800020WP",/kurzweil-part-glide-block-right-whp-mk150-mk152-d31800020wp/
367810,"Kurzweil Part - CABLE, DATA MK110 - D13026719",/kurzweil-part-cable-data-mk110-d13026719/
367297,AUDIO PCB ASSY - CUP120 - AMS-D9500030,/audio-pcb-assy-cup120-ams-d9500030/
367030,~Button Large No LED Set +/- - PC3 PC3X - NLA - AMS-D35026247,/button-large-no-led-set-pc3-pc3x-nla-ams-d35026247/
364096,Panel - Alto - MA08625,/panel-alto-1-ma08625/
362613,"8"" Mesh Head - Alesis  - 212010505-A",/8a-mesh-head-alesis-212010505-a/
362614,"10"" Mesh Head - Alesis - 212010508-A",/10a-mesh-head-alesis-212010508-a/
362525,Knob - ION - PT061065701,/knob-ion-6-pt061065701/
362376,Transformer - Alesis - 13020074-A,/transformer-alesis-13020074-a/
362356,Power Switch - Alto - HI00026,/power-switch-alto-hi00026/
362247,"10""  Single-Zone Cymbal Pad - Alesis - 102150223-A",/10a-single-zone-cymbal-pad-alesis-102150223-a/
362199,"8"" Dual-Zone Drum Pad - Alesis - 102130129-A",/8a-dual-zone-drum-pad-alesis-102130129-a/
361682,VR - Alto - RC00204,/vr-alto-rc00204/
361629,Plate - ION - PT070291801,/plate-ion-pt070291801/
361458,Slipmat - ION - JYK12001,/slipmat-ion-jyk12001/
361453,USB JACK - Alto - JK0CU4P04A,/usb-jack-alto-jk0cu4p04a/
361292,PC board - Alto - HK02204,/pc-board-alto-hk02204/
361276,Woofer - Alto - HK06398,/woofer-alto-hk06398/
361247,Tweeter - Alto - HG00540,/tweeter-alto-hg00540/
360810,Velcro Strip - Alesis - 633000027,/velcro-strip-alesis-633000027/
360358,Grille - ION - 10410156-I,/grille-ion-10410156-i/
360207,CONNECTOR FOR SOLID STATE RECORDER - Marantz Pro - 00MZD01800140,/connector-for-solid-state-recorder-marantz-pro-00mzd01800140/
360103,CUSHION - Denon Pro - 00M49AS809110,/cushion-denon-pro-00m49as809110/
360095,MECHANISM - Marantz Pro - 00M456T304520,/mechanism-marantz-pro-00m456t304520/
359179,RUBBER KNOB LASER ETCHING - RU111062701,/rubber-knob-laser-etching-1-ru111062701/
358941,KNOB - PT1104464,/knob-pt1104464/
358926,Bottom Plate - X2 - PT073032001,/bottom-plate-x2-pt073032001/
358866,P.C. BOARD HOLDER - PT0103208,/p-c-board-holder-pt0103208/
358722,Name Plate - NuVJ - NP211MAR62,/name-plate-nuvj-np211mar62/
358741,NAME PLATE - NP607MAR70,/name-plate-np607mar70/
358717,NAME PLATE - NP211MAR105,/name-plate-np211mar105/
358650,HOLDER PLATE - MT1104492,/holder-plate-mt1104492/
358649,METAL PLATE - MT1104481,/metal-plate-mt1104481/
358641,METAL PLATE - MT1101818,/metal-plate-mt1101818/
358624,HEAT SINK - MT0703213,/heat-sink-mt0703213/
358621,EARTHED METAL - MT0701836,/earthed-metal-mt0701836/
358503,CONNECTOR - FFC1610002401,/connector-ffc1610002401/
358253,"Cable, Remote, 3ft. (No Chokes) - CDN series - CA080112002",/cable-remote-3ft-no-chokes-cdn-series-ca080112002/
358241,"Foot, Strip - iDJ2 - C25X505-01000G",/foot-strip-idj2-c25x505-01000g/
358218,CLIP - BAGL-55A,/clip-bagl-55a/
358210,"Power Supply, 12V, 2A - BAADVM03UL",/power-supply-12v-2a-baadvm03ul/
