name,image_url,page_title,meta_description,meta_keywords,category id,description
Numark DJ2GO2 - Spare Parts,https://cdn11.bigcommerce.com/s-pdowf1mync/images/stencil/1280x1280/k/apimamilh__95270_category.original.gif,,,,78943,"We can source many different parts for this unit that may not be listed below. If you are looking for a particular&nbsp;part you dont see or need help finding something,&nbsp;please contact us at sales@instrumentalparts.com"
Numark Party Mix - Spare Parts,https://cdn11.bigcommerce.com/s-pdowf1mync/images/stencil/1280x1280/k/apimamilh__95270_category.original.gif,,,,78943,"We can source many different parts for this unit that may not be listed below. If you are looking for a particular&nbsp;part you dont see or need help finding something,&nbsp;please contact us at sales@instrumentalparts.com"
Numark Party Mix Pro - Spare Parts,https://cdn11.bigcommerce.com/s-pdowf1mync/images/stencil/1280x1280/k/apimamilh__95270_category.original.gif,,,,78943,"We can source many different parts for this unit that may not be listed below. If you are looking for a particular&nbsp;part you dont see or need help finding something,&nbsp;please contact us at sales@instrumentalparts.com"
Numark Mixdeck Express Black - Spare Parts,https://cdn11.bigcommerce.com/s-pdowf1mync/images/stencil/1280x1280/k/apimamilh__95270_category.original.gif,,,,78943,"We can source many different parts for this unit that may not be listed below. If you are looking for a particular&nbsp;part you dont see or need help finding something,&nbsp;please contact us at sales@instrumentalparts.com"
Numark NS7III - Spare Parts,https://cdn11.bigcommerce.com/s-pdowf1mync/images/stencil/1280x1280/k/apimamilh__95270_category.original.gif,,,,78943,"We can source many different parts for this unit that may not be listed below. If you are looking for a particular&nbsp;part you dont see or need help finding something,&nbsp;please contact us at sales@instrumentalparts.com"
Numark Mixtrack 3 - Spare Parts,https://cdn11.bigcommerce.com/s-pdowf1mync/images/stencil/1280x1280/k/apimamilh__95270_category.original.gif,,,,78943,"We can source many different parts for this unit that may not be listed below. If you are looking for a particular&nbsp;part you dont see or need help finding something,&nbsp;please contact us at sales@instrumentalparts.com"
Numark M2 - Spare Parts,https://cdn11.bigcommerce.com/s-pdowf1mync/images/stencil/1280x1280/k/apimamilh__95270_category.original.gif,,,,78943,"We can source many different parts for this unit that may not be listed below. If you are looking for a particular&nbsp;part you dont see or need help finding something,&nbsp;please contact us at sales@instrumentalparts.com"
Numark M4 - Spare Parts,https://cdn11.bigcommerce.com/s-pdowf1mync/images/stencil/1280x1280/k/apimamilh__95270_category.original.gif,,,,78943,"We can source many different parts for this unit that may not be listed below. If you are looking for a particular&nbsp;part you dont see or need help finding something,&nbsp;please contact us at sales@instrumentalparts.com"
Numark M6 USB - Spare Parts,https://cdn11.bigcommerce.com/s-pdowf1mync/images/stencil/1280x1280/k/apimamilh__95270_category.original.gif,,,,78927,"We can source many different parts for this unit that may not be listed below. If you are looking for a particular&nbsp;part you dont see or need help finding something,&nbsp;please contact us at sales@instrumentalparts.com"
Numark N-Wave 360 - Spare Parts,https://cdn11.bigcommerce.com/s-pdowf1mync/images/stencil/1280x1280/k/apimamilh__95270_category.original.gif,,,,79943,"We can source many different parts for this unit that may not be listed below. If you are looking for a particular&nbsp;part you dont see or need help finding something,&nbsp;please contact us at sales@instrumentalparts.com"
Numark HF150 - Spare Parts,https://cdn11.bigcommerce.com/s-pdowf1mync/images/stencil/1280x1280/k/apimamilh__95270_category.original.gif,,,,79037,"We can source many different parts for this unit that may not be listed below. If you are looking for a particular&nbsp;part you dont see or need help finding something,&nbsp;please contact us at sales@instrumentalparts.com"
Numark HF125 - Spare Parts,https://cdn11.bigcommerce.com/s-pdowf1mync/images/stencil/1280x1280/k/apimamilh__95270_category.original.gif,,,,79037,"We can source many different parts for this unit that may not be listed below. If you are looking for a particular&nbsp;part you dont see or need help finding something,&nbsp;please contact us at sales@instrumentalparts.com"
Numark PT01 Touring - Spare Parts,https://cdn11.bigcommerce.com/s-pdowf1mync/images/stencil/1280x1280/k/apimamilh__95270_category.original.gif,,,,79043,"We can source many different parts for this unit that may not be listed below. If you are looking for a particular&nbsp;part you dont see or need help finding something,&nbsp;please contact us at sales@instrumentalparts.com"
Pioneer DJM-TOUR1 - Spare Parts,https://cdn11.bigcommerce.com/s-pdowf1mync/images/stencil/1280x1280/k/apimamilh__95270_category.original.gif,,,,79273,"We can source many different parts for this unit that may not be listed below. If you are looking for a particular&nbsp;part you dont see or need help finding something,&nbsp;please contact us at sales@instrumentalparts.com"
Pioneer DJM-750MK2 - Spare Parts,https://cdn11.bigcommerce.com/s-pdowf1mync/images/stencil/1280x1280/k/apimamilh__95270_category.original.gif,,,,79273,"We can source many different parts for this unit that may not be listed below. If you are looking for a particular&nbsp;part you dont see or need help finding something,&nbsp;please contact us at sales@instrumentalparts.com"
Pioneer DJM-350 - Spare Parts,https://cdn11.bigcommerce.com/s-pdowf1mync/images/stencil/1280x1280/k/apimamilh__95270_category.original.gif,,,,79273,"We can source many different parts for this unit that may not be listed below. If you are looking for a particular&nbsp;part you dont see or need help finding something,&nbsp;please contact us at sales@instrumentalparts.com"
Pioneer DJM-S3 - Spare Parts,https://cdn11.bigcommerce.com/s-pdowf1mync/images/stencil/1280x1280/k/apimamilh__95270_category.original.gif,,,,79273,"We can source many different parts for this unit that may not be listed below. If you are looking for a particular&nbsp;part you dont see or need help finding something,&nbsp;please contact us at sales@instrumentalparts.com"
Pioneer DJS-1000 - Spare Parts,https://cdn11.bigcommerce.com/s-pdowf1mync/images/stencil/1280x1280/k/apimamilh__95270_category.original.gif,,,,79235,"We can source many different parts for this unit that may not be listed below. If you are looking for a particular&nbsp;part you dont see or need help finding something,&nbsp;please contact us at sales@instrumentalparts.com"
Pioneer DDJ-1000 - Spare Parts,https://cdn11.bigcommerce.com/s-pdowf1mync/images/stencil/1280x1280/k/apimamilh__95270_category.original.gif,,,,79235,"We can source many different parts for this unit that may not be listed below. If you are looking for a particular&nbsp;part you dont see or need help finding something,&nbsp;please contact us at sales@instrumentalparts.com"
Pioneer DDJ-400 - Spare Parts,https://cdn11.bigcommerce.com/s-pdowf1mync/images/stencil/1280x1280/k/apimamilh__95270_category.original.gif,,,,79235,"We can source many different parts for this unit that may not be listed below. If you are looking for a particular&nbsp;part you dont see or need help finding something,&nbsp;please contact us at sales@instrumentalparts.com"
Pioneer DDJ-XP1 - Spare Parts,https://cdn11.bigcommerce.com/s-pdowf1mync/images/stencil/1280x1280/k/apimamilh__95270_category.original.gif,,,,79235,"We can source many different parts for this unit that may not be listed below. If you are looking for a particular&nbsp;part you dont see or need help finding something,&nbsp;please contact us at sales@instrumentalparts.com"
Pioneer DDJ-SX3 - Spare Parts,https://cdn11.bigcommerce.com/s-pdowf1mync/images/stencil/1280x1280/k/apimamilh__95270_category.original.gif,,,,79235,"We can source many different parts for this unit that may not be listed below. If you are looking for a particular&nbsp;part you dont see or need help finding something,&nbsp;please contact us at sales@instrumentalparts.com"
Pioneer DDJ-SR2 - Spare Parts,https://cdn11.bigcommerce.com/s-pdowf1mync/images/stencil/1280x1280/k/apimamilh__95270_category.original.gif,,,,79235,"We can source many different parts for this unit that may not be listed below. If you are looking for a particular&nbsp;part you dont see or need help finding something,&nbsp;please contact us at sales@instrumentalparts.com"
Pioneer DDJ-SB3 - Spare Parts,https://cdn11.bigcommerce.com/s-pdowf1mync/images/stencil/1280x1280/k/apimamilh__95270_category.original.gif,,,,79235,"We can source many different parts for this unit that may not be listed below. If you are looking for a particular&nbsp;part you dont see or need help finding something,&nbsp;please contact us at sales@instrumentalparts.com"
Pioneer XDJ-RR - Spare Parts,https://cdn11.bigcommerce.com/s-pdowf1mync/images/stencil/1280x1280/k/apimamilh__95270_category.original.gif,,,,79235,"We can source many different parts for this unit that may not be listed below. If you are looking for a particular&nbsp;part you dont see or need help finding something,&nbsp;please contact us at sales@instrumentalparts.com"
Pioneer DM-40BT - Spare Parts,https://cdn11.bigcommerce.com/s-pdowf1mync/images/stencil/1280x1280/k/apimamilh__95270_category.original.gif,,,,80419,"We can source many different parts for this unit that may not be listed below. If you are looking for a particular&nbsp;part you dont see or need help finding something,&nbsp;please contact us at sales@instrumentalparts.com"
Pioneer BULIT6 - Spare Parts,https://cdn11.bigcommerce.com/s-pdowf1mync/images/stencil/1280x1280/k/apimamilh__95270_category.original.gif,,,,80419,"We can source many different parts for this unit that may not be listed below. If you are looking for a particular&nbsp;part you dont see or need help finding something,&nbsp;please contact us at sales@instrumentalparts.com"
Pioneer BULIT8 - Spare Parts,https://cdn11.bigcommerce.com/s-pdowf1mync/images/stencil/1280x1280/k/apimamilh__95270_category.original.gif,,,,80419,"We can source many different parts for this unit that may not be listed below. If you are looking for a particular&nbsp;part you dont see or need help finding something,&nbsp;please contact us at sales@instrumentalparts.com"
Pioneer RM-05 - Spare Parts,https://cdn11.bigcommerce.com/s-pdowf1mync/images/stencil/1280x1280/k/apimamilh__95270_category.original.gif,,,,80419,"We can source many different parts for this unit that may not be listed below. If you are looking for a particular&nbsp;part you dont see or need help finding something,&nbsp;please contact us at sales@instrumentalparts.com"
Pioneer RM-07 - Spare Parts,https://cdn11.bigcommerce.com/s-pdowf1mync/images/stencil/1280x1280/k/apimamilh__95270_category.original.gif,,,,80419,"We can source many different parts for this unit that may not be listed below. If you are looking for a particular&nbsp;part you dont see or need help finding something,&nbsp;please contact us at sales@instrumentalparts.com"
Pioneer HRM-6 - Spare Parts,https://cdn11.bigcommerce.com/s-pdowf1mync/images/stencil/1280x1280/k/apimamilh__95270_category.original.gif,,,,80456,"We can source many different parts for this unit that may not be listed below. If you are looking for a particular&nbsp;part you dont see or need help finding something,&nbsp;please contact us at sales@instrumentalparts.com"
Pioneer HRM-5 - Spare Parts,https://cdn11.bigcommerce.com/s-pdowf1mync/images/stencil/1280x1280/k/apimamilh__95270_category.original.gif,,,,80456,"We can source many different parts for this unit that may not be listed below. If you are looking for a particular&nbsp;part you dont see or need help finding something,&nbsp;please contact us at sales@instrumentalparts.com"
Pioneer HDJ-700 - Spare Parts,https://cdn11.bigcommerce.com/s-pdowf1mync/images/stencil/1280x1280/k/apimamilh__95270_category.original.gif,,,,80456,"We can source many different parts for this unit that may not be listed below. If you are looking for a particular&nbsp;part you dont see or need help finding something,&nbsp;please contact us at sales@instrumentalparts.com"
Pioneer HDJ-X5BT - Spare Parts,https://cdn11.bigcommerce.com/s-pdowf1mync/images/stencil/1280x1280/k/apimamilh__95270_category.original.gif,,,,80456,"We can source many different parts for this unit that may not be listed below. If you are looking for a particular&nbsp;part you dont see or need help finding something,&nbsp;please contact us at sales@instrumentalparts.com"
Pioneer HDJ-X5 - Spare Parts,https://cdn11.bigcommerce.com/s-pdowf1mync/images/stencil/1280x1280/k/apimamilh__95270_category.original.gif,,,,80456,"We can source many different parts for this unit that may not be listed below. If you are looking for a particular&nbsp;part you dont see or need help finding something,&nbsp;please contact us at sales@instrumentalparts.com"
Pioneer HDJ-S7 - Spare Parts,https://cdn11.bigcommerce.com/s-pdowf1mync/images/stencil/1280x1280/k/apimamilh__95270_category.original.gif,,,,80456,"We can source many different parts for this unit that may not be listed below. If you are looking for a particular&nbsp;part you dont see or need help finding something,&nbsp;please contact us at sales@instrumentalparts.com"
Pioneer HDJ-X7 - Spare Parts,https://cdn11.bigcommerce.com/s-pdowf1mync/images/stencil/1280x1280/k/apimamilh__95270_category.original.gif,,,,80456,"We can source many different parts for this unit that may not be listed below. If you are looking for a particular&nbsp;part you dont see or need help finding something,&nbsp;please contact us at sales@instrumentalparts.com"
Pioneer HDJ-X10C - Spare Parts,https://cdn11.bigcommerce.com/s-pdowf1mync/images/stencil/1280x1280/k/apimamilh__95270_category.original.gif,,,,80456,"We can source many different parts for this unit that may not be listed below. If you are looking for a particular&nbsp;part you dont see or need help finding something,&nbsp;please contact us at sales@instrumentalparts.com"
Pioneer HDJ-X10 - Spare Parts,https://cdn11.bigcommerce.com/s-pdowf1mync/images/stencil/1280x1280/k/apimamilh__95270_category.original.gif,,,,80456,"We can source many different parts for this unit that may not be listed below. If you are looking for a particular&nbsp;part you dont see or need help finding something,&nbsp;please contact us at sales@instrumentalparts.com"
Pioneer XPRS-15 - Spare Parts,https://cdn11.bigcommerce.com/s-pdowf1mync/images/stencil/1280x1280/k/apimamilh__95270_category.original.gif,,,,80419,"We can source many different parts for this unit that may not be listed below. If you are looking for a particular&nbsp;part you dont see or need help finding something,&nbsp;please contact us at sales@instrumentalparts.com"
Pioneer XPRS-10 - Spare Parts,https://cdn11.bigcommerce.com/s-pdowf1mync/images/stencil/1280x1280/k/apimamilh__95270_category.original.gif,,,,80419,"We can source many different parts for this unit that may not be listed below. If you are looking for a particular&nbsp;part you dont see or need help finding something,&nbsp;please contact us at sales@instrumentalparts.com"
Pioneer XPRS-115S - Spare Parts,https://cdn11.bigcommerce.com/s-pdowf1mync/images/stencil/1280x1280/k/apimamilh__95270_category.original.gif,,,,80419,"We can source many different parts for this unit that may not be listed below. If you are looking for a particular&nbsp;part you dont see or need help finding something,&nbsp;please contact us at sales@instrumentalparts.com"
