id,name,description
akai-parts,Akai Parts See MPCStuff.com,<p>Akai Spare Parts Please see www.mpcstuff.com</p>
al36sppa,Alesis 3630 Spare Parts,"<p>We have nearly every part available for this unit. If you do not see it listed below please email us at <a href='mailto:sales@instrumentalparts.com'>sales@instrumentalparts.com</a> for availability</p>
"
ala6ansppa,Alesis A6 Andromeda Spare Parts,"<p>Alesis A6 Andromeda Spare Parts</p><p>We can source many different parts for this unit that may not be listed below. If you are looking for a particular&nbsp;part you dont see or need help finding something, please contact us at <a href='mailto:sales@instrumentalparts.com?subject=Part%20Avail'>sales@instrumentalparts.com</a></p>
"
alacfxsppa,Alesis Acoustic FX Spare Parts,
alacsppaac2,Alto ACOM2 Spare Parts ( ACOM 2 ),"<p>Alto ACOM2 Spare Parts ( ACOM 2 )</p><p>We can source many different parts for this unit that may not be listed below. If you are looking for a particular part you dont see or need help finding something, please contact us at <a href='mailto:sales@instrumentalparts.com?subject=Part%20Avail'>sales@instrumentalparts.com</a></p>"
aladblsppa,Alesis ADAT Blackface Spare Parts,"<p>Alesis ADAT Blackface Spare Parts</p><p>We can source many different parts for this unit that may not be listed below. If you are looking for a particular part you dont see or need help finding something, please contact us at <a href='mailto:sales@instrumentalparts.com?subject=Part%20Avail'>sales@instrumentalparts.com</a></p>
"
aladlxsppaad,Alesis ADAT LX20 Spare Parts ( ADAT LX 20 ),"<p>Alesis ADAT LX20 Spare Parts ( ADAT LX 20 )</p><p>We can source many different parts for this unit that may not be listed below. If you are looking for a particular part you dont see or need help finding something, please contact us at <a href='mailto:sales@instrumentalparts.com?subject=Part%20Avail'>sales@instrumentalparts.com</a></p>
"
aladm20sppaa,Alesis ADAT M20 Spare Parts ( ADAT M 20 ),"<p>Alesis ADAT M20 Spare Parts ( ADAT M 20 )</p><p>We can source many different parts for this unit that may not be listed below. If you are looking for a particular part you dont see or need help finding something, please contact us at <a href='mailto:sales@instrumentalparts.com?subject=Part%20Avail'>sales@instrumentalparts.com</a></p>
"
aladxtsppa,Alesis ADAT XT Spare Parts,"<p>Alesis ADAT XT Spare Parts</p><p>We can source many different parts for this unit that may not be listed below. If you are looking for a particular part you dont see or need help finding something, please contact us at <a href='mailto:sales@instrumentalparts.com?subject=Part%20Avail'>sales@instrumentalparts.com</a></p>
"
aladxtsppaad,Alesis ADAT XT20 Spare Parts ( ADAT XT 20 ),"<p>Alesis ADAT XT20 Spare Parts ( ADAT XT 20 )</p><p>We can source many different parts for this unit that may not be listed below. If you are looking for a particular part you dont see or need help finding something, please contact us at <a href='mailto:sales@instrumentalparts.com?subject=Part%20Avail'>sales@instrumentalparts.com</a></p>
"
alaesppaaeq2,Alto AEQ231 Spare Parts ( AEQ 231 ),"<p>Alto AEQ231 Spare Parts ( AEQ 231 )</p><p>We can source many different parts for this unit that may not be listed below. If you are looking for a particular part you dont see or need help finding something, please contact us at <a href='mailto:sales@instrumentalparts.com?subject=Part%20Avail'>sales@instrumentalparts.com</a></p>
"
